{"cameraMode":{"drawMode":0,"name":"Shaded","section":"Shading Mode"},"sceneLighting":true,"audioPlay":false,"sceneViewState":{"m_AlwaysRefresh":false,"showFog":true,"showSkybox":true,"showFlares":true,"showImageEffects":true,"showParticleSystems":true,"showVisualEffectGraphs":true,"m_FxEnabled":true},"in2DMode":false,"pivot":{"x":-0.006632804870605469,"y":0.018997669219970704,"z":-0.006634712219238281},"rotation":{"x":-0.08679963648319245,"y":0.8998005986213684,"z":-0.20955286920070649,"w":-0.37270960211753847},"size":5.264890193939209,"orthographic":false}